task,model,accuracy,macro_f1,macro_precision,macro_recall
Sarcasm,BERT-base,0.8700118530225207,0.6938112438000104,0.7375700485670065,0.6689124577846924
