task,model,accuracy,macro_f1,macro_precision,macro_recall
Sentiment,BERT-base,0.8783194609591756,0.8783187727957599,0.8784228560367333,0.8783871847530182
