accuracy,macro_f1,macro_precision,macro_recall,samples,task,variety
0.7626459143968871,0.6764196616342191,0.726398934145413,0.6621091871091871,771,Sarcasm,en-AU
0.9124472573839663,0.581590492143256,0.6173643456848726,0.5661096256684492,948,Sarcasm,en-IN
0.9224137931034483,0.7420311341734618,0.7403886607232295,0.7437037939718905,812,Sarcasm,en-UK
