accuracy,macro_f1,macro_precision,macro_recall,samples,task,variety
0.8845654993514915,0.883953289757401,0.8840275240530995,0.8838820728556549,771,Sentiment,en-AU
0.8291139240506329,0.8290218432009975,0.829824436197545,0.8291139240506329,948,Sentiment,en-IN
0.9328358208955224,0.9325955734406439,0.9335797491039427,0.93203125,804,Sentiment,en-UK
