task,model,accuracy,macro_f1,macro_precision,macro_recall
Sentiment,BERT-base,0.8791121680539041,0.8791084457011126,0.8793139430360253,0.8792038167727859
