task,model,accuracy,macro_f1,macro_precision,macro_recall
Sarcasm,Majority Class,0.8557882259976294,0.4611454119650841,0.4278941129988147,0.5
Sarcasm,TF-IDF + Logistic Regression,0.8549980244962465,0.46627337661554125,0.5947854785478548,0.5018163649932329
Sarcasm,TF-IDF + Linear SVM,0.847096009482418,0.5802701962644576,0.6494723321727098,0.5666799478870211
