task,model,accuracy,macro_f1,macro_precision,macro_recall
Sentiment,Majority Class,0.5037653586999604,0.3350026357406431,0.2518826793499802,0.5
Sentiment,TF-IDF + Logistic Regression,0.8299643281807372,0.829423996885916,0.833245225329865,0.8295875301327476
Sentiment,TF-IDF + Linear SVM,0.8208481965913595,0.8207434113069744,0.8212298502577531,0.8207126661857158
Sentiment,BERT-base,0.8783194609591756,0.8783187727957599,0.8784228560367333,0.8783871847530182
