accuracy,macro_f1,macro_precision,macro_recall,samples,sarcasm_label
0.86810551558753,0.8668806482131768,0.8674378051615903,0.8664154880593554,417,0
0.8852459016393442,0.5801376597836775,0.5621693121693122,0.6991525423728814,61,1
